sl no.,emp name,emp id
1,Shilpa,Shilpa-1
2,Manohar,Manohar-2
3,Ramya,Ramya-3
4,Ashish,Ashish-4
5,Devraj,Devraj-5
6,Gopi,Gopi-6
7,Gokul,Gokul-7
8,Ram,Ram-8
9,Vijay S,Vijay S-9
10,Vijay K,Vijay K-10
11,Kumar,Kumar-11
12,Varun,Varun-12
13,Varun M,Varun M-13
14,Keerthan J,Keerthan J-14
15,Jospeh,Jospeh-15
16,Catherine,Catherine-16
17,John,John-17
18,John F K,John F K-18
19,Ian,Ian-19
20,Amira,Amira-20
21,Olivia,Olivia-21
22,Jacob,Jacob-22
23,Benjamin,Benjamin-23
24,Vikram,Vikram-24
25,Srikanth,Srikanth-25
